{
  "slimeEnabled": false,
  "chargeEnabled": true,
  "sparkleEnabled": true,
  "soulEnabled": true,
  "waterCircles": {
    "density": 10,
    "radius": 16,
    "enabled": true,
    "colored": true
  },
  "hitParticlesEnabled": false,
  "hitParticleEntries": [
    "minecraft:skeleton/visuality:bone",
    "minecraft:skeleton_horse/visuality:bone",
    "minecraft:stray/visuality:bone",
    "minecraft:wither_skeleton/visuality:wither_bone",
    "minecraft:chicken/visuality:feather",
    "minecraft:villager/visuality:emerald"
  ],
  "shinyArmorEnabled": true,
  "shinyArmorEntries": [
    "minecraft:golden_helmet",
    "minecraft:golden_chestplate",
    "minecraft:golden_leggings",
    "minecraft:golden_boots",
    "minecraft:diamond_helmet",
    "minecraft:diamond_chestplate",
    "minecraft:diamond_leggings",
    "minecraft:diamond_boots"
  ],
  "shinyBlocksEnabled": true,
  "shinyBlockEntries": [
    "minecraft:gold_ore",
    "minecraft:deepslate_gold_ore",
    "minecraft:nether_gold_ore",
    "minecraft:diamond_ore",
    "minecraft:deepslate_diamond_ore",
    "minecraft:emerald_ore",
    "minecraft:deepslate_emerald_ore"
  ]
}